SWGPRS01-ST1,cat6509
SWGPRS02-ST1,cat6509
nHeadend_VillaSalvador01,cevChassisN7Kc7009
nHeadend_VillaSalvador02,cevChassisN7Kc7009
nIsladeServiciosPolo1,cevChassisN7Kc7009
nIsladeServiciosVillaSalvador,cevChassisN7Kc7009
rMPLSArequipa,cisco12406
rMPLSChiclayo2,cisco12406
rMPLSChiclayo3,ciscoASR9010
rMPLSChinchon,cisco12406
rmplscotabambas,cisco12406
rMPLSHiguereta,cisco12406
rMPLSPiura,cisco12406
rMPLSPiura2,ciscoASR9010
rMPLSSanFelipe,cisco12406
rMPLSSanMartin,cisco12406
rMPLSTrujillo,cisco12406
rMPLSCamacho,cisco12410
rMPLSChinchonBR02,cisco12410
rMPLSLosOlivos,cisco12410
rMPLSVillaSalvador,cisco12410
rMPLSVillaSalvador2,cisco12410
rMPLSVillaSalvadorBR01,cisco12410
rMPLSChinchonRR02,Cisco7206VXR
rMPLSJuliaca,Cisco7206VXR
rMPLSVillaSalvadorRR01,Cisco7206VXR
rMPLSHuisonroque,Cisco7606s
rMPLSJuliaca2,Cisco7606s
OSR01-Arequipa,Cisco7609
OSR01-Trujillo,Cisco7609
OSR02-Arequipa,Cisco7609
OSR02-Trujillo,Cisco7609
OSR01-CUSCO,Cisco7609s
OSR01-ICA,Cisco7609s
OSR01-IQUITOS,Cisco7609s
OSR01-JUNIN,Cisco7609s
OSR01-LAMBAYEQUE,Cisco7609s
OSR01-MDD,Cisco7609s
OSR01-PIURA,Cisco7609s
OSR01-PUNO,Cisco7609s
OSR01-VillaSalvador,Cisco7609s
OSR02-CUSCO,Cisco7609s
OSR02-ICA,Cisco7609s
OSR02-IQUITOS,Cisco7609s
OSR02-JUNIN,Cisco7609s
OSR02-LAMBAYEQUE,Cisco7609s
OSR02-MDD,Cisco7609s
OSR02-PIURA,Cisco7609s
OSR02-PUNO,Cisco7609s
OSR02-VillaSalvador,Cisco7609s
LoadBalancer-INT-01,ciscoACE30K9
LoadBalancer-DMZ-01,ciscoACE4710K9
rMPLSPolo1RR03,ciscoASR1001
rMPLSPolo1RR06,ciscoASR1001
rMPLSPolo1RR07,ciscoASR1001
rMPLSPolo2RR04,ciscoASR1001
rMPLSVillaSalvadorRR05,ciscoASR1001
rMPLSVillaSalvadorRR08,ciscoASR1001
rHeadend_VillaSalvador01,ciscoASR9001
rHeadend_VillaSalvador02,ciscoASR9001
rMPLSAsia,ciscoASR9001
rMPLSBarranca,ciscoASR9001
rMPLSBarranca2,ciscoASR9001
rMPLSChincha2,ciscoASR9001
rMPLSChincha3,ciscoASR9001
rMPLSHuacho2,ciscoASR9001
rMPLSHuanuco,ciscoASR9001
rMPLSHuanuco2,ciscoASR9001
rMPLSIquitos2,ciscoASR9001
rMPLSIquitos3,ciscoASR9001
rMPLSNAP_1,ciscoASR9001
rMPLSNAP_2,ciscoASR9001
rMPLSPucallpa2,ciscoASR9001
rMPLSPucallpa3,ciscoASR9001
rMPLSTarapoto,ciscoASR9001
rMPLSTarapoto2,ciscoASR9001
rAGREGADORAviacion,ciscoASR9006
rAGREGADORChorrillos,ciscoASR9006
rAGREGADORColonial,ciscoASR9006
rAGREGADORIngenieria,ciscoASR9006
rAGREGADORLaMolina,ciscoASR9006
rAGREGADORMonterrico,ciscoASR9006
rAGREGADORSanJuan,ciscoASR9006
rAGREGADORSantaAnita,ciscoASR9006
rAGREGADORSantaLuzmila,ciscoASR9006
rAGREGADORSantaLuzmila2,ciscoASR9010
rAGREGADORZarate,ciscoASR9006
rAGREGADORZarate2,ciscoASR9010
rAGREGADORAeropuerto2,ciscoASR9010
rAGREGADORCallao2,ciscoASR9010
rAGREGADORCamacho2,ciscoASR9010
rAGREGADORChinchon,ciscoASR9010
rAGREGADORCotabambas,ciscoASR9010
rAGREGADORHiguereta2,ciscoASR9010
rAGREGADORLosOlivos,ciscoASR9010
rAgregadorOcharan,ciscoASR9010
rAGREGADORSanFelipe2,ciscoASR9010
rAGREGADORSanMartin,ciscoASR9010
rAGREGADORSanMiguel2,ciscoASR9010
rAGREGADORVentanilla,ciscoASR9010
rAGREGADORVillaSalvador2,ciscoASR9010
rMPLSArequipa2,ciscoASR9010
rMPLSArequipa3,ciscoASR9010
rMPLSCajamarca2,ciscoASR9010
rMPLSCajamarca3,ciscoASR9010
rMPLSChimbote2,ciscoASR9010
rMPLSChimbote3,ciscoASR9010
rMPLSCuzco2,ciscoASR9010
rMPLSCuzco3,ciscoASR9010
rMPLSIca2,ciscoASR9010
rMPLSIca3,ciscoASR9010
rMPLSLaOroya,ciscoASR9010
rMPLSLaOroya2,ciscoASR9010
rMPLSMoquegua,ciscoASR9010
rMPLSMoquegua2,ciscoASR9010
rMPLSPolo1_1,ciscoASR9010
rMPLSPolo1_2,ciscoASR9010
rMPLSPolo1_3,ciscoASR9010
rMPLSPolo1_4,ciscoASR9010
rMPLSPolo2_1,ciscoASR9010
rMPLSPolo2_2,ciscoASR9010
rMPLSPolo2_3,ciscoASR9010
rMPLSPolo2_4,ciscoASR9010
rMPLSTacna01,ciscoASR9010
rMPLSTacna02,ciscoASR9010
rMPLSTrujillo2,ciscoASR9010
rMPLSTrujillo3,ciscoASR9010
AgMPLSAeropuerto,CiscoASR903
AgMPLSArequipa,CiscoASR903
AgMPLSArriola,CiscoASR903
AgMPLSAviacion,CiscoASR903
AgMPLSAyaviri,CiscoASR903
AgMPLSBarranca,CiscoASR903
AgMPLSBaseLosIncas,CiscoASR903
AgMPLSCACPuertoMaldonado,CiscoASR903
AgMPLSCajamarca,CiscoASR903
AgMPLSCamacho,CiscoASR903
AgMPLSCEmpSanIsidro,CiscoASR903
AgMPLSChimbote,CiscoASR903
AgMPLSChinchon,CiscoASR903
AgMPLSColonial,CiscoASR903
AgMPLSColonial2,CiscoASR903
AgMPLSCotabambas,CiscoASR903
AgMPLSCotabambas2,CiscoASR903
AgMPLSCuzco,CiscoASR903
AgMPLSHiguereta,CiscoASR903
AgMPLSHuacho,CiscoASR903
AgMPLSHuanuco,CiscoASR903
AgMPLSHuauraPueblo,CiscoASR903
AgMPLSHuisonroque,CiscoASR903
AgMPLSIca,CiscoASR903
AgMPLSJockeyPlaza,CiscoASR903
AgMPLSLaCultura,CiscoASR903
AgMPLSLosOlivos,CiscoASR903
AgMPLSLurin,CiscoASR903
AgMPLSMoquegua,CiscoASR903
AgMPLSNeshuya,CiscoASR903
AgMPLSPampaLibre,CiscoASR903
AgMPLSPacasmayo,CiscoASR903
AgMPLSPucallpa,CiscoASR903
AgMPLSQuillabamba,CiscoASR903
AgMPLSSanFelipe,CiscoASR903
AgMPLSSanMartin,CiscoASR903
AgMPLSSantaAnita,CiscoASR903
AgMPLSSantaLuzmila,CiscoASR903
AgMPLSSantaLuzmila2,CiscoASR903
AgMPLSSicuani,CiscoASR903
AgMPLSSullana,CiscoASR903
AgMPLSTarma,CiscoASR903
AgMPLSTorreLarcoMar,CiscoASR903
AgMPLSUrubamba,CiscoASR903
AgMPLSZarate,CiscoASR903
AgMPLSZarate2,CiscoASR903
AgMPLSPlayaArica,CiscoASR903
rMPLSPolo1BR2,ciscoCrs16SB
rMPLSVillaSalvadorBR1,ciscoCrs16SB
rMPLSCOREAeropuerto,ciscoCRS8S
rMPLSCOREArequipa,ciscoCRS8S
rMPLSCOREChinchon,ciscoCRS8S
rMPLSCOREPolo1,ciscoCRS8S
rMPLSCOREPolo2,ciscoCRS8S
rMPLSCORETrujillo,ciscoCRS8S
rMPLSCOREVillaSalvador,ciscoCRS8S
cMPLSAeropuerto,ciscoMe3800x24fsM
cMPLSArriola,ciscoMe3800x24fsM
cMPLSAsia,ciscoMe3800x24fsM
cMPLSAviacion,ciscoMe3800x24fsM
cMPLSCallao,ciscoMe3800x24fsM
cMPLSCamacho,ciscoMe3800x24fsM
cMPLSChacarilla,ciscoMe3800x24fsM
cMPLSChinchon,ciscoMe3800x24fsM
cMPLSChorrillos,ciscoMe3800x24fsM
cMPLSColonial,ciscoMe3800x24fsM
cMPLSCotabambas,ciscoMe3800x24fsM
cMPLSElRosario,ciscoMe3800x24fsM
cMPLSHiguereta,ciscoMe3800x24fsM
cMPLSHuancayo,ciscoMe3800x24fsM
cMPLSHumboldt,ciscoMe3800x24fsM
cMPLSIngenieria,ciscoMe3800x24fsM
cMPLSInternetCP,ciscoMe3800x24fsM
cMPLSLaMolina,ciscoMe3800x24fsM
cMPLSLaPunta,ciscoMe3800x24fsM
cMPLSLosOlivos,ciscoMe3800x24fsM
cMPLSLosOlivos2,ciscoMe3800x24fsM
cMPLSMonterrico,ciscoMe3800x24fsM
cMPLSNuevoFelverana,ciscoMe3800x24fsM
cMPLSPando,ciscoMe3800x24fsM
cMPLSPardoyAliaga,ciscoMe3800x24fsM
cMPLSPlayaReal,ciscoMe3800x24fsM
cMPLSPuntaHermosa,ciscoMe3800x24fsM
cMPLSRafaelEscardo,ciscoMe3800x24fsM
cMPLSRicardoPalma,ciscoMe3800x24fsM
cMPLSRoosevelt,ciscoMe3800x24fsM
cMPLSSaladium,ciscoMe3800x24fsM
cMPLSSanFelipe,ciscoMe3800x24fsM
cMPLSSanJuan,ciscoMe3800x24fsM
cMPLSSanLuis,ciscoMe3800x24fsM
cMPLSSanLuis2,ciscoMe3800x24fsM
cMPLSSanMartin,ciscoMe3800x24fsM
cMPLSSanMiguel,ciscoMe3800x24fsM
cMPLSSantaAnita,ciscoMe3800x24fsM
cMPLSSantaLuzmila,ciscoMe3800x24fsM
cMPLSShellCollique,ciscoMe3800x24fsM
cMPLSTristan,ciscoMe3800x24fsM
cMPLSVallejo,ciscoMe3800x24fsM
cMPLSVillaSalvador,ciscoMe3800x24fsM
cMPLSZarate,ciscoMe3800x24fsM
rCSRAbancay,CiscoMWR-2941-DC-A
rCSRAeropuerto,CiscoMWR-2941-DC-A
rCSRAlamedaPinos,CiscoMWR-2941-DC-A
rCSRAmauta,CiscoMWR-2941-DC-A
rCSRAntunezdeMayolo,CiscoMWR-2941-DC-A
rCSRAvenidaUniversidad,CiscoMWR-2941-DC-A
rCSRAyacucho,CiscoMWR-2941-DC-A
rCSRBelisarioBosa,CiscoMWR-2941-DC-A
rCSRBernardoAlcedo,CiscoMWR-2941-DC-A
rCSRBertolotto,CiscoMWR-2941-DC-A
rCSRCalle23,CiscoMWR-2941-DC-A
rCSRCalle2A,CiscoMWR-2941-DC-A
rCSRCaminosdelInca,CiscoMWR-2941-DC-A
rCSRCapeco,CiscoMWR-2941-DC-A
rCSRCarapongo,CiscoMWR-2941-DC-A
rCSRChacraRios2,CiscoMWR-2941-DC-A
rCSRCincoEstrellas,CiscoMWR-2941-DC-A
rCSRColectora,CiscoMWR-2941-DC-A
rCSRCongreso,CiscoMWR-2941-DC-A
rCSRCovida,CiscoMWR-2941-DC-A
rCSRDonaRosa,CiscoMWR-2941-DC-A
rCSREizaguirre,CiscoMWR-2941-DC-A
rCSRElias2,CiscoMWR-2941-DC-A
rCSRElSoldeLurigancho,CiscoMWR-2941-DC-A
rCSRElTriunfo,CiscoMWR-2941-DC-A
rCSREscobedo,CiscoMWR-2941-DC-A
rCSREucaliptos,CiscoMWR-2941-DC-A
rCSRGamarra2,CiscoMWR-2941-DC-A
rCSRGambeta,CiscoMWR-2941-DC-A
rCSRGuyana,CiscoMWR-2941-DC-A
rCSRHabitacionalManzanilla,CiscoMWR-2941-DC-A
rCSRHarvard,CiscoMWR-2941-DC-A
rCSRHoyadaGrande,CiscoMWR-2941-DC-A
rCSRHuandoy,CiscoMWR-2941-DC-A
rCSRJoseGalvez,CiscoMWR-2941-DC-A
rCSRLaMar,CiscoMWR-2941-DC-A
rCSRLampa,CiscoMWR-2941-DC-A
rCSRLaPerla,CiscoMWR-2941-DC-A
rCSRLaPradera,CiscoMWR-2941-DC-A
rCSRLarcomar,CiscoMWR-2941-DC-A
rCSRLaRotonda,CiscoMWR-2941-DC-A
rCSRLasLomas,CiscoMWR-2941-DC-A
rCSRLasOrquideas,CiscoMWR-2941-DC-A
rCSRlibertad,CiscoMWR-2941-DC-A
rCSRLosAlisos,CiscoMWR-2941-DC-A
rCSRMarinaPark,CiscoMWR-2941-DC-A
rCSRMegacentro,CiscoMWR-2941-DC-A
rCSRMetro,CiscoMWR-2941-DC-A
rCSRMigraciones,CiscoMWR-2941-DC-A
rCSRMirones,CiscoMWR-2941-DC-A
rCSRMontevideo,CiscoMWR-2941-DC-A
rCSRMuebles,CiscoMWR-2941-DC-A
rCSRMuseodelaNacion,CiscoMWR-2941-DC-A
rCSRNaranjal,CiscoMWR-2941-DC-A
rCSROquendo,CiscoMWR-2941-DC-A
rCSROvaloSantaRosa,CiscoMWR-2941-DC-A
rCSRPariahuanca,CiscoMWR-2941-DC-A
rCSRParqueZonalSinchiRoca,CiscoMWR-2941-DC-A
rCSRPasoDeLosAndes,CiscoMWR-2941-DC-A
rCSRPasteur,CiscoMWR-2941-DC-A
rCSRPastorSevilla,CiscoMWR-2941-DC-A
rCSRPedroOsma,CiscoMWR-2941-DC-A
rCSRPerez,CiscoMWR-2941-DC-A
rCSRPetitThouars,CiscoMWR-2941-DC-A
rCSRPinillos,CiscoMWR-2941-DC-A
rCSRPlazaBolognesi,CiscoMWR-2941-DC-A
rCSRReducto,CiscoMWR-2941-DC-A
rCSRRivadavia,CiscoMWR-2941-DC-A
rCSRRoma,CiscoMWR-2941-DC-A
rCSRSanPablo,CiscoMWR-2941-DC-A
rCSRSanRoque,CiscoMWR-2941-DC-A
rCSRSantaAna,CiscoMWR-2941-DC-A
rCSRSepaIndustrial,CiscoMWR-2941-DC-A
rCSRStaAnitaBaja,CiscoMWR-2941-DC-A
rCSRTelleria,CiscoMWR-2941-DC-A
rCSRUcayali,CiscoMWR-2941-DC-A
rCSRUniversidadCesarVallejo,CiscoMWR-2941-DC-A
rCSRUrbPinar,CiscoMWR-2941-DC-A
rCSRVillaverde,CiscoMWR-2941-DC-A
rCSRVirgendelaPuerta,CiscoMWR-2941-DC-A
rCSRVolvo,CiscoMWR-2941-DC-A
cAGREGADORPolo2_1,ciscoWSC6509ve
cAGREGADORPolo2_2,ciscoWSC6509ve
SW01-POLO1,ciscoWSC6509ve
SW02-POLO1,ciscoWSC6509ve
SW-BB01ST1,ciscoWSC6509ve
SW-BB02ST1,ciscoWSC6509ve
rMPLSTacna2,IPDevice
